scenario,accuracy,precision_macro,recall_macro,f1_macro
baseline,0.8826446280991735,0.8035839201604253,0.7517986307198391,0.7734739617666447
remove_textual,0.8826446280991735,0.811027128823739,0.7363652187367037,0.765069103756816
remove_structure,0.8793388429752066,0.8217889908256881,0.7035063628979229,0.7412121105583585
remove_code_churn,0.8826446280991735,0.8182988279110528,0.7247901597493521,0.7582301920987904
remove_author_profile,0.8099173553719008,0.6434185653168839,0.6115151046300236,0.6229998536973921
remove_project_profile,0.8743801652892562,0.7926537233494695,0.7198100800680772,0.7473404255319149
remove_reviewer_network,0.8892561983471075,0.8539841139759188,0.7171991645070205,0.7599902894800727
